<?xml version="1.0" encoding="utf-8"?>
<mapping>
    
    <rule name="catalogo">
        <splitter>-</splitter>
        <space>_</space>
        <ignore>.html</ignore>
        <ignorepreg>/[^0-9]/</ignorepreg>
    </rule>
    
    <!-- request - [rule] | notargument ] - [argumentname | notname ] -->
    <url request="base/*-*-*-*-*.html" rule="notargument|catalogo|catalogo|catalogo|catalogo" argumentname="notname|argument1|argument2|argument3|argument4" wildcard="*">
        <controller>index</controller>
        <method>catalogo</method>
        <argument name="perfil">
            <value>adulto</value>
            <value>adulto3</value>
        </argument>
    </url>
        
</mapping>